,config_idx,config_name,n_ae_layers,latent_percent,n_header_layers,unit_type,mask_percent,activation,loss,optimizer,learning_rate,batch_size,epochs_ae,epochs_header,test_mae,final_ae_loss,final_header_loss,baseline_lstm_mae,mae_diff_lstm,better_than_LSTM,baseline_gru_mae,mae_diff_gru,better_than_GRU,status
57,58,ae1_lat75_hd2_lstm_m40_relu_adam_lr0.001_bs64_mae,1,0.75,2,LSTM,0.4,relu,mae,adam,0.001,64,10,15,0.016805185,0.03797294571995735,0.01680518500506878,0.0067489045,0.0100562805,False,0.0031995466,0.013605638,False,success
60,61,ae1_lat75_hd2_gru_m20_relu_adam_lr0.001_bs64_mae,1,0.75,2,GRU,0.2,relu,mae,adam,0.001,64,10,15,0.01862138,0.021805133670568466,0.018621375784277916,0.0067489045,0.011872475,False,0.0031995466,0.015421833,False,success
70,71,ae1_lat75_hd3_gru_m60_relu_adam_lr0.001_bs64_mae,1,0.75,3,GRU,0.6,relu,mae,adam,0.001,64,10,15,0.01937826,0.033834245055913925,0.019378259778022766,0.0067489045,0.012629355,False,0.0031995466,0.016178712,False,success
68,69,ae1_lat75_hd3_gru_m20_relu_adam_lr0.001_bs64_mae,1,0.75,3,GRU,0.2,relu,mae,adam,0.001,64,10,15,0.0195547,0.022428125143051147,0.019554700702428818,0.0067489045,0.012805796,False,0.0031995466,0.016355153,False,success
53,54,ae1_lat75_hd1_gru_m40_relu_adam_lr0.001_bs64_mae,1,0.75,1,GRU,0.4,relu,mae,adam,0.001,64,10,15,0.019945243,0.03252094238996506,0.019945241510868073,0.0067489045,0.013196339,False,0.0031995466,0.016745698,False,success
54,55,ae1_lat75_hd1_gru_m60_relu_adam_lr0.001_bs64_mae,1,0.75,1,GRU,0.6,relu,mae,adam,0.001,64,10,15,0.020366028,0.034294091165065765,0.02036602608859539,0.0067489045,0.0136171235,False,0.0031995466,0.01716648,False,success
132,133,ae2_lat75_hd2_gru_m20_relu_adam_lr0.001_bs64_mae,2,0.75,2,GRU,0.2,relu,mae,adam,0.001,64,10,15,0.021131286,0.0279659666121006,0.02113128826022148,0.0067489045,0.014382382,False,0.0031995466,0.01793174,False,success
62,63,ae1_lat75_hd2_gru_m60_relu_adam_lr0.001_bs64_mae,1,0.75,2,GRU,0.6,relu,mae,adam,0.001,64,10,15,0.021202117,0.03407183662056923,0.021202122792601585,0.0067489045,0.014453213,False,0.0031995466,0.01800257,False,success
61,62,ae1_lat75_hd2_gru_m40_relu_adam_lr0.001_bs64_mae,1,0.75,2,GRU,0.4,relu,mae,adam,0.001,64,10,15,0.02175655,0.029097646474838257,0.02199919894337654,0.0067489045,0.015007646,False,0.0031995466,0.018557005,False,success
184,185,ae3_lat50_hd3_lstm_m20_relu_adam_lr0.001_bs64_mae,3,0.5,3,LSTM,0.2,relu,mae,adam,0.001,64,10,15,0.02176802,0.050998836755752563,0.02176801487803459,0.0067489045,0.015019116,False,0.0031995466,0.018568475,False,success
168,169,ae3_lat50_hd1_lstm_m20_relu_adam_lr0.001_bs64_mae,3,0.5,1,LSTM,0.2,relu,mae,adam,0.001,64,10,15,0.022056956,0.03808724880218506,0.022056955844163895,0.0067489045,0.015308051,False,0.0031995466,0.018857408,False,success
197,198,ae3_lat75_hd1_gru_m40_relu_adam_lr0.001_bs64_mae,3,0.75,1,GRU,0.4,relu,mae,adam,0.001,64,10,15,0.022201953,0.03646796941757202,0.02220195345580578,0.0067489045,0.015453049,False,0.0031995466,0.019002408,False,success
124,125,ae2_lat75_hd1_gru_m20_relu_adam_lr0.001_bs64_mae,2,0.75,1,GRU,0.2,relu,mae,adam,0.001,64,10,15,0.022207309,0.02942798100411892,0.02220730483531952,0.0067489045,0.015458404,False,0.0031995466,0.019007761,False,success
133,134,ae2_lat75_hd2_gru_m40_relu_adam_lr0.001_bs64_mae,2,0.75,2,GRU,0.4,relu,mae,adam,0.001,64,10,15,0.022401351,0.027152609080076218,0.0224013514816761,0.0067489045,0.015652448,False,0.0031995466,0.019201804,False,success
125,126,ae2_lat75_hd1_gru_m40_relu_adam_lr0.001_bs64_mae,2,0.75,1,GRU,0.4,relu,mae,adam,0.001,64,10,15,0.02252807,0.02813056856393814,0.022528065368533134,0.0067489045,0.015779164,False,0.0031995466,0.019328523,False,success
140,141,ae2_lat75_hd3_gru_m20_relu_adam_lr0.001_bs64_mae,2,0.75,3,GRU,0.2,relu,mae,adam,0.001,64,10,15,0.022629965,0.021006228402256966,0.022629965096712112,0.0067489045,0.015881062,False,0.0031995466,0.019430418,False,success
69,70,ae1_lat75_hd3_gru_m40_relu_adam_lr0.001_bs64_mae,1,0.75,3,GRU,0.4,relu,mae,adam,0.001,64,10,15,0.022775814,0.02745884470641613,0.022775810211896896,0.0067489045,0.01602691,False,0.0031995466,0.019576266,False,success
71,72,ae1_lat75_hd3_gru_m80_relu_adam_lr0.001_bs64_mae,1,0.75,3,GRU,0.8,relu,mae,adam,0.001,64,10,15,0.023147691,0.039038125425577164,0.023568013682961464,0.0067489045,0.016398787,False,0.0031995466,0.019948144,False,success
128,129,ae2_lat75_hd2_lstm_m20_relu_adam_lr0.001_bs64_mae,2,0.75,2,LSTM,0.2,relu,mae,adam,0.001,64,10,15,0.0232213,0.030945098027586937,0.023221302777528763,0.0067489045,0.016472396,False,0.0031995466,0.020021755,False,success
116,117,ae2_lat50_hd3_gru_m20_relu_adam_lr0.001_bs64_mae,2,0.5,3,GRU,0.2,relu,mae,adam,0.001,64,10,15,0.023234475,0.03789599612355232,0.023234473541378975,0.0067489045,0.016485572,False,0.0031995466,0.020034928,False,success
64,65,ae1_lat75_hd3_lstm_m20_relu_adam_lr0.001_bs64_mae,1,0.75,3,LSTM,0.2,relu,mae,adam,0.001,64,10,15,0.023262015,0.03332339599728584,0.023262012749910355,0.0067489045,0.01651311,False,0.0031995466,0.020062469,False,success
52,53,ae1_lat75_hd1_gru_m20_relu_adam_lr0.001_bs64_mae,1,0.75,1,GRU,0.2,relu,mae,adam,0.001,64,10,15,0.02348412,0.03159962221980095,0.02426408790051937,0.0067489045,0.016735215,False,0.0031995466,0.020284574,False,success
55,56,ae1_lat75_hd1_gru_m80_relu_adam_lr0.001_bs64_mae,1,0.75,1,GRU,0.8,relu,mae,adam,0.001,64,10,15,0.02354708,0.04205578193068504,0.02508348412811756,0.0067489045,0.016798176,False,0.0031995466,0.020347532,False,success
204,205,ae3_lat75_hd2_gru_m20_relu_adam_lr0.001_bs64_mae,3,0.75,2,GRU,0.2,relu,mae,adam,0.001,64,10,15,0.023650803,0.030893448740243912,0.023650802671909332,0.0067489045,0.0169019,False,0.0031995466,0.020451255,False,success
50,51,ae1_lat75_hd1_lstm_m60_relu_adam_lr0.001_bs64_mae,1,0.75,1,LSTM,0.6,relu,mae,adam,0.001,64,10,15,0.024332428,0.04415077343583107,0.024332430213689804,0.0067489045,0.017583523,False,0.0031995466,0.021132883,False,success
206,207,ae3_lat75_hd2_gru_m60_relu_adam_lr0.001_bs64_mae,3,0.75,2,GRU,0.6,relu,mae,adam,0.001,64,10,15,0.024371741,0.033995047211647034,0.024371745064854622,0.0067489045,0.017622836,False,0.0031995466,0.021172196,False,success
180,181,ae3_lat50_hd2_gru_m20_relu_adam_lr0.001_bs64_mae,3,0.5,2,GRU,0.2,relu,mae,adam,0.001,64,10,15,0.024485921,0.032115381211042404,0.02448592148721218,0.0067489045,0.017737016,False,0.0031995466,0.021286376,False,success
58,59,ae1_lat75_hd2_lstm_m60_relu_adam_lr0.001_bs64_mae,1,0.75,2,LSTM,0.6,relu,mae,adam,0.001,64,10,15,0.024659414,0.04525521770119667,0.0246594175696373,0.0067489045,0.01791051,False,0.0031995466,0.021459866,False,success
31,32,ae1_lat50_hd1_gru_m80_relu_adam_lr0.001_bs64_mae,1,0.5,1,GRU,0.8,relu,mae,adam,0.001,64,10,15,0.024710333,0.05618561431765556,0.02471032366156578,0.0067489045,0.017961428,False,0.0031995466,0.021510787,False,success
196,197,ae3_lat75_hd1_gru_m20_relu_adam_lr0.001_bs64_mae,3,0.75,1,GRU,0.2,relu,mae,adam,0.001,64,10,15,0.024746247,0.03343730792403221,0.024746252223849297,0.0067489045,0.017997343,False,0.0031995466,0.0215467,False,success
135,136,ae2_lat75_hd2_gru_m80_relu_adam_lr0.001_bs64_mae,2,0.75,2,GRU,0.8,relu,mae,adam,0.001,64,10,15,0.024987953,0.04021838679909706,0.02525494620203972,0.0067489045,0.018239047,False,0.0031995466,0.021788407,False,success
120,121,ae2_lat75_hd1_lstm_m20_relu_adam_lr0.001_bs64_mae,2,0.75,1,LSTM,0.2,relu,mae,adam,0.001,64,10,15,0.02514029,0.03432511165738106,0.025140294805169106,0.0067489045,0.018391386,False,0.0031995466,0.021940742,False,success
63,64,ae1_lat75_hd2_gru_m80_relu_adam_lr0.001_bs64_mae,1,0.75,2,GRU,0.8,relu,mae,adam,0.001,64,10,15,0.025498232,0.037254877388477325,0.02549823187291622,0.0067489045,0.018749326,False,0.0031995466,0.022298686,False,success
192,193,ae3_lat75_hd1_lstm_m20_relu_adam_lr0.001_bs64_mae,3,0.75,1,LSTM,0.2,relu,mae,adam,0.001,64,10,15,0.025554534,0.036482855677604675,0.025554539635777473,0.0067489045,0.01880563,False,0.0031995466,0.022354987,False,success
200,201,ae3_lat75_hd2_lstm_m20_relu_adam_lr0.001_bs64_mae,3,0.75,2,LSTM,0.2,relu,mae,adam,0.001,64,10,15,0.025618503,0.03665965422987938,0.025618508458137512,0.0067489045,0.018869597,False,0.0031995466,0.022418957,False,success
137,138,ae2_lat75_hd3_lstm_m40_relu_adam_lr0.001_bs64_mae,2,0.75,3,LSTM,0.4,relu,mae,adam,0.001,64,10,15,0.025721435,0.05322399362921715,0.025721434503793716,0.0067489045,0.018972531,False,0.0031995466,0.022521887,False,success
49,50,ae1_lat75_hd1_lstm_m40_relu_adam_lr0.001_bs64_mae,1,0.75,1,LSTM,0.4,relu,mae,adam,0.001,64,10,15,0.026047932,0.03321763500571251,0.026047933846712112,0.0067489045,0.019299027,False,0.0031995466,0.022848386,False,success
198,199,ae3_lat75_hd1_gru_m60_relu_adam_lr0.001_bs64_mae,3,0.75,1,GRU,0.6,relu,mae,adam,0.001,64,10,15,0.026208924,0.05180909112095833,0.02620892971754074,0.0067489045,0.019460019,False,0.0031995466,0.023009378,False,success
67,68,ae1_lat75_hd3_lstm_m80_relu_adam_lr0.001_bs64_mae,1,0.75,3,LSTM,0.8,relu,mae,adam,0.001,64,10,15,0.026447088,0.044825002551078796,0.02644708752632141,0.0067489045,0.019698184,False,0.0031995466,0.02324754,False,success
44,45,ae1_lat50_hd3_gru_m20_relu_adam_lr0.001_bs64_mae,1,0.5,3,GRU,0.2,relu,mae,adam,0.001,64,10,15,0.026508065,0.037668779492378235,0.026508061215281487,0.0067489045,0.01975916,False,0.0031995466,0.02330852,False,success
213,214,ae3_lat75_hd3_gru_m40_relu_adam_lr0.001_bs64_mae,3,0.75,3,GRU,0.4,relu,mae,adam,0.001,64,10,15,0.026725871,0.03194756060838699,0.02672586590051651,0.0067489045,0.019976966,False,0.0031995466,0.023526326,False,success
131,132,ae2_lat75_hd2_lstm_m80_relu_adam_lr0.001_bs64_mae,2,0.75,2,LSTM,0.8,relu,mae,adam,0.001,64,10,15,0.026742117,0.05930502712726593,0.026742123067378998,0.0067489045,0.019993212,False,0.0031995466,0.023542572,False,success
66,67,ae1_lat75_hd3_lstm_m60_relu_adam_lr0.001_bs64_mae,1,0.75,3,LSTM,0.6,relu,mae,adam,0.001,64,10,15,0.026811047,0.04466018080711365,0.02681104838848114,0.0067489045,0.020062141,False,0.0031995466,0.0236115,False,success
5,6,ae1_lat25_hd1_gru_m40_relu_adam_lr0.001_bs64_mae,1,0.25,1,GRU,0.4,relu,mae,adam,0.001,64,10,15,0.02706594,0.07230319082736969,0.027065934613347054,0.0067489045,0.020317037,False,0.0031995466,0.023866393,False,success
129,130,ae2_lat75_hd2_lstm_m40_relu_adam_lr0.001_bs64_mae,2,0.75,2,LSTM,0.4,relu,mae,adam,0.001,64,10,15,0.027081002,0.037760667502880096,0.027080997824668884,0.0067489045,0.020332098,False,0.0031995466,0.023881454,False,success
36,37,ae1_lat50_hd2_gru_m20_relu_adam_lr0.001_bs64_mae,1,0.5,2,GRU,0.2,relu,mae,adam,0.001,64,10,15,0.027132703,0.0407671220600605,0.027132704854011536,0.0067489045,0.020383798,False,0.0031995466,0.023933157,False,success
214,215,ae3_lat75_hd3_gru_m60_relu_adam_lr0.001_bs64_mae,3,0.75,3,GRU,0.6,relu,mae,adam,0.001,64,10,15,0.027153395,0.03333854302763939,0.027153395116329193,0.0067489045,0.020404492,False,0.0031995466,0.023953848,False,success
171,172,ae3_lat50_hd1_lstm_m80_relu_adam_lr0.001_bs64_mae,3,0.5,1,LSTM,0.8,relu,mae,adam,0.001,64,10,15,0.027164126,0.05815820395946503,0.027164127677679062,0.0067489045,0.02041522,False,0.0031995466,0.02396458,False,success
174,175,ae3_lat50_hd1_gru_m60_relu_adam_lr0.001_bs64_mae,3,0.5,1,GRU,0.6,relu,mae,adam,0.001,64,10,15,0.02735758,0.0530865453183651,0.02735758014023304,0.0067489045,0.020608675,False,0.0031995466,0.024158034,False,success
145,146,ae3_lat25_hd1_lstm_m40_relu_adam_lr0.001_bs64_mae,3,0.25,1,LSTM,0.4,relu,mae,adam,0.001,64,10,15,0.027366107,0.054438021034002304,0.02736610919237137,0.0067489045,0.020617202,False,0.0031995466,0.024166562,False,success
188,189,ae3_lat50_hd3_gru_m20_relu_adam_lr0.001_bs64_mae,3,0.5,3,GRU,0.2,relu,mae,adam,0.001,64,10,15,0.02736865,0.03511400893330574,0.02736864797770977,0.0067489045,0.020619746,False,0.0031995466,0.024169102,False,success
160,161,ae3_lat25_hd3_lstm_m20_relu_adam_lr0.001_bs64_mae,3,0.25,3,LSTM,0.2,relu,mae,adam,0.001,64,10,15,0.02740493,0.05242982134222984,0.02740493044257164,0.0067489045,0.020656027,False,0.0031995466,0.024205383,False,success
24,25,ae1_lat50_hd1_lstm_m20_relu_adam_lr0.001_bs64_mae,1,0.5,1,LSTM,0.2,relu,mae,adam,0.001,64,10,15,0.027415024,0.038148898631334305,0.027415018528699875,0.0067489045,0.020666119,False,0.0031995466,0.024215478,False,success
209,210,ae3_lat75_hd3_lstm_m40_relu_adam_lr0.001_bs64_mae,3,0.75,3,LSTM,0.4,relu,mae,adam,0.001,64,10,15,0.02749845,0.04793785884976387,0.02749844454228878,0.0067489045,0.020749547,False,0.0031995466,0.024298903,False,success
205,206,ae3_lat75_hd2_gru_m40_relu_adam_lr0.001_bs64_mae,3,0.75,2,GRU,0.4,relu,mae,adam,0.001,64,10,15,0.027574778,0.03431707248091698,0.027574773877859116,0.0067489045,0.020825874,False,0.0031995466,0.02437523,False,success
110,111,ae2_lat50_hd2_gru_m60_relu_adam_lr0.001_bs64_mae,2,0.5,2,GRU,0.6,relu,mae,adam,0.001,64,10,15,0.027665922,0.041959747672080994,0.027665918692946434,0.0067489045,0.020917017,False,0.0031995466,0.024466377,False,success
173,174,ae3_lat50_hd1_gru_m40_relu_adam_lr0.001_bs64_mae,3,0.5,1,GRU,0.4,relu,mae,adam,0.001,64,10,15,0.028032584,0.03602131828665733,0.02811523713171482,0.0067489045,0.021283679,False,0.0031995466,0.024833038,False,success
38,39,ae1_lat50_hd2_gru_m60_relu_adam_lr0.001_bs64_mae,1,0.5,2,GRU,0.6,relu,mae,adam,0.001,64,10,15,0.028109133,0.05061997100710869,0.028109131380915642,0.0067489045,0.02136023,False,0.0031995466,0.024909586,False,success
151,152,ae3_lat25_hd1_gru_m80_relu_adam_lr0.001_bs64_mae,3,0.25,1,GRU,0.8,relu,mae,adam,0.001,64,10,15,0.028189499,0.05670245736837387,0.029165102168917656,0.0067489045,0.021440595,False,0.0031995466,0.024989951,False,success
28,29,ae1_lat50_hd1_gru_m20_relu_adam_lr0.001_bs64_mae,1,0.5,1,GRU,0.2,relu,mae,adam,0.001,64,10,15,0.028200453,0.03780915588140488,0.0284586101770401,0.0067489045,0.021451548,False,0.0031995466,0.025000907,False,success
96,97,ae2_lat50_hd1_lstm_m20_relu_adam_lr0.001_bs64_mae,2,0.5,1,LSTM,0.2,relu,mae,adam,0.001,64,10,15,0.028225908,0.03778407350182533,0.028225908055901527,0.0067489045,0.021477003,False,0.0031995466,0.025026362,False,success
56,57,ae1_lat75_hd2_lstm_m20_relu_adam_lr0.001_bs64_mae,1,0.75,2,LSTM,0.2,relu,mae,adam,0.001,64,10,15,0.028247135,0.052115146070718765,0.028247134760022163,0.0067489045,0.02149823,False,0.0031995466,0.02504759,False,success
102,103,ae2_lat50_hd1_gru_m60_relu_adam_lr0.001_bs64_mae,2,0.5,1,GRU,0.6,relu,mae,adam,0.001,64,10,15,0.028280506,0.05239450931549072,0.02828051708638668,0.0067489045,0.0215316,False,0.0031995466,0.02508096,False,success
190,191,ae3_lat50_hd3_gru_m60_relu_adam_lr0.001_bs64_mae,3,0.5,3,GRU,0.6,relu,mae,adam,0.001,64,10,15,0.02837265,0.0375245101749897,0.02837265096604824,0.0067489045,0.021623746,False,0.0031995466,0.025173102,False,success
72,73,ae2_lat25_hd1_lstm_m20_relu_adam_lr0.001_bs64_mae,2,0.25,1,LSTM,0.2,relu,mae,adam,0.001,64,10,15,0.02839838,0.041223276406526566,0.028398379683494568,0.0067489045,0.021649476,False,0.0031995466,0.025198832,False,success
112,113,ae2_lat50_hd3_lstm_m20_relu_adam_lr0.001_bs64_mae,2,0.5,3,LSTM,0.2,relu,mae,adam,0.001,64,10,15,0.028497249,0.053750667721033096,0.028497254475951195,0.0067489045,0.021748345,False,0.0031995466,0.025297701,False,success
46,47,ae1_lat50_hd3_gru_m60_relu_adam_lr0.001_bs64_mae,1,0.5,3,GRU,0.6,relu,mae,adam,0.001,64,10,15,0.028501866,0.04376213252544403,0.028501860797405243,0.0067489045,0.021752961,False,0.0031995466,0.02530232,False,success
104,105,ae2_lat50_hd2_lstm_m20_relu_adam_lr0.001_bs64_mae,2,0.5,2,LSTM,0.2,relu,mae,adam,0.001,64,10,15,0.028512055,0.043161991983652115,0.029124489054083824,0.0067489045,0.02176315,False,0.0031995466,0.02531251,False,success
126,127,ae2_lat75_hd1_gru_m60_relu_adam_lr0.001_bs64_mae,2,0.75,1,GRU,0.6,relu,mae,adam,0.001,64,10,15,0.028527236,0.036037102341651917,0.028527241200208664,0.0067489045,0.02177833,False,0.0031995466,0.02532769,False,success
37,38,ae1_lat50_hd2_gru_m40_relu_adam_lr0.001_bs64_mae,1,0.5,2,GRU,0.4,relu,mae,adam,0.001,64,10,15,0.028527847,0.03911428153514862,0.02852785587310791,0.0067489045,0.021778941,False,0.0031995466,0.0253283,False,success
40,41,ae1_lat50_hd3_lstm_m20_relu_adam_lr0.001_bs64_mae,1,0.5,3,LSTM,0.2,relu,mae,adam,0.001,64,10,15,0.028532125,0.04462634027004242,0.0285321231931448,0.0067489045,0.021783222,False,0.0031995466,0.025332578,False,success
164,165,ae3_lat25_hd3_gru_m20_relu_adam_lr0.001_bs64_mae,3,0.25,3,GRU,0.2,relu,mae,adam,0.001,64,10,15,0.028557865,0.03628414124250412,0.029187921434640884,0.0067489045,0.02180896,False,0.0031995466,0.02535832,False,success
121,122,ae2_lat75_hd1_lstm_m40_relu_adam_lr0.001_bs64_mae,2,0.75,1,LSTM,0.4,relu,mae,adam,0.001,64,10,15,0.028650628,0.0354636088013649,0.028650633990764618,0.0067489045,0.021901723,False,0.0031995466,0.025451083,False,success
73,74,ae2_lat25_hd1_lstm_m40_relu_adam_lr0.001_bs64_mae,2,0.25,1,LSTM,0.4,relu,mae,adam,0.001,64,10,15,0.028658157,0.055151037871837616,0.02865815907716751,0.0067489045,0.021909252,False,0.0031995466,0.025458612,False,success
123,124,ae2_lat75_hd1_lstm_m80_relu_adam_lr0.001_bs64_mae,2,0.75,1,LSTM,0.8,relu,mae,adam,0.001,64,10,15,0.028750103,0.055832672864198685,0.02875009924173355,0.0067489045,0.0220012,False,0.0031995466,0.025550555,False,success
212,213,ae3_lat75_hd3_gru_m20_relu_adam_lr0.001_bs64_mae,3,0.75,3,GRU,0.2,relu,mae,adam,0.001,64,10,15,0.028795378,0.050086114555597305,0.028924182057380676,0.0067489045,0.022046473,False,0.0031995466,0.025595833,False,success
181,182,ae3_lat50_hd2_gru_m40_relu_adam_lr0.001_bs64_mae,3,0.5,2,GRU,0.4,relu,mae,adam,0.001,64,10,15,0.028977588,0.0372934564948082,0.02938627451658249,0.0067489045,0.022228684,False,0.0031995466,0.02577804,False,success
6,7,ae1_lat25_hd1_gru_m60_relu_adam_lr0.001_bs64_mae,1,0.25,1,GRU,0.6,relu,mae,adam,0.001,64,10,15,0.029031333,0.08604741841554642,0.02903132326900959,0.0067489045,0.022282429,False,0.0031995466,0.025831785,False,success
141,142,ae2_lat75_hd3_gru_m40_relu_adam_lr0.001_bs64_mae,2,0.75,3,GRU,0.4,relu,mae,adam,0.001,64,10,15,0.029088188,0.0507095530629158,0.030044643208384514,0.0067489045,0.022339284,False,0.0031995466,0.02588864,False,success
85,86,ae2_lat25_hd2_gru_m40_relu_adam_lr0.001_bs64_mae,2,0.25,2,GRU,0.4,relu,mae,adam,0.001,64,10,15,0.029137727,0.052909333258867264,0.029137732461094856,0.0067489045,0.022388823,False,0.0031995466,0.02593818,False,success
144,145,ae3_lat25_hd1_lstm_m20_relu_adam_lr0.001_bs64_mae,3,0.25,1,LSTM,0.2,relu,mae,adam,0.001,64,10,15,0.029140646,0.053973209112882614,0.029140643775463104,0.0067489045,0.02239174,False,0.0031995466,0.0259411,False,success
118,119,ae2_lat50_hd3_gru_m60_relu_adam_lr0.001_bs64_mae,2,0.5,3,GRU,0.6,relu,mae,adam,0.001,64,10,15,0.029280711,0.03971052169799805,0.030399911105632782,0.0067489045,0.022531807,False,0.0031995466,0.026081163,False,success
117,118,ae2_lat50_hd3_gru_m40_relu_adam_lr0.001_bs64_mae,2,0.5,3,GRU,0.4,relu,mae,adam,0.001,64,10,15,0.029283343,0.043117884546518326,0.03029688261449337,0.0067489045,0.022534437,False,0.0031995466,0.026083797,False,success
32,33,ae1_lat50_hd2_lstm_m20_relu_adam_lr0.001_bs64_mae,1,0.5,2,LSTM,0.2,relu,mae,adam,0.001,64,10,15,0.029338382,0.048228584229946136,0.030106019228696823,0.0067489045,0.022589479,False,0.0031995466,0.026138835,False,success
15,16,ae1_lat25_hd2_gru_m80_relu_adam_lr0.001_bs64_mae,1,0.25,2,GRU,0.8,relu,mae,adam,0.001,64,10,15,0.029437391,0.05807991698384285,0.029437391087412834,0.0067489045,0.022688486,False,0.0031995466,0.026237845,False,success
134,135,ae2_lat75_hd2_gru_m60_relu_adam_lr0.001_bs64_mae,2,0.75,2,GRU,0.6,relu,mae,adam,0.001,64,10,15,0.02944251,0.03263317048549652,0.02944251336157322,0.0067489045,0.022693604,False,0.0031995466,0.026242964,False,success
59,60,ae1_lat75_hd2_lstm_m80_relu_adam_lr0.001_bs64_mae,1,0.75,2,LSTM,0.8,relu,mae,adam,0.001,64,10,15,0.029509583,0.04201463609933853,0.02950958162546158,0.0067489045,0.022760678,False,0.0031995466,0.026310038,False,success
100,101,ae2_lat50_hd1_gru_m20_relu_adam_lr0.001_bs64_mae,2,0.5,1,GRU,0.2,relu,mae,adam,0.001,64,10,15,0.029521508,0.034722864627838135,0.029521504417061806,0.0067489045,0.022772603,False,0.0031995466,0.026321962,False,success
97,98,ae2_lat50_hd1_lstm_m40_relu_adam_lr0.001_bs64_mae,2,0.5,1,LSTM,0.4,relu,mae,adam,0.001,64,10,15,0.02952959,0.037542350590229034,0.029643647372722626,0.0067489045,0.022780687,False,0.0031995466,0.026330043,False,success
166,167,ae3_lat25_hd3_gru_m60_relu_adam_lr0.001_bs64_mae,3,0.25,3,GRU,0.6,relu,mae,adam,0.001,64,10,15,0.029530782,0.03757750988006592,0.029530776664614677,0.0067489045,0.022781879,False,0.0031995466,0.026331235,False,success
81,82,ae2_lat25_hd2_lstm_m40_relu_adam_lr0.001_bs64_mae,2,0.25,2,LSTM,0.4,relu,mae,adam,0.001,64,10,15,0.02968158,0.04958943650126457,0.030145389959216118,0.0067489045,0.022932675,False,0.0031995466,0.026482034,False,success
189,190,ae3_lat50_hd3_gru_m40_relu_adam_lr0.001_bs64_mae,3,0.5,3,GRU,0.4,relu,mae,adam,0.001,64,10,15,0.029702833,0.05241740122437477,0.030170904472470284,0.0067489045,0.022953928,False,0.0031995466,0.026503287,False,success
78,79,ae2_lat25_hd1_gru_m60_relu_adam_lr0.001_bs64_mae,2,0.25,1,GRU,0.6,relu,mae,adam,0.001,64,10,15,0.029794464,0.0538390688598156,0.029794471338391304,0.0067489045,0.023045558,False,0.0031995466,0.026594918,False,success
29,30,ae1_lat50_hd1_gru_m40_relu_adam_lr0.001_bs64_mae,1,0.5,1,GRU,0.4,relu,mae,adam,0.001,64,10,15,0.029848304,0.04914209991693497,0.02984829805791378,0.0067489045,0.0230994,False,0.0031995466,0.026648756,False,success
48,49,ae1_lat75_hd1_lstm_m20_relu_adam_lr0.001_bs64_mae,1,0.75,1,LSTM,0.2,relu,mae,adam,0.001,64,10,15,0.029938918,0.03491371124982834,0.029938919469714165,0.0067489045,0.023190014,False,0.0031995466,0.02673937,False,success
136,137,ae2_lat75_hd3_lstm_m20_relu_adam_lr0.001_bs64_mae,2,0.75,3,LSTM,0.2,relu,mae,adam,0.001,64,10,15,0.03008437,0.03250134736299515,0.030084365978837013,0.0067489045,0.023335464,False,0.0031995466,0.026884824,False,success
193,194,ae3_lat75_hd1_lstm_m40_relu_adam_lr0.001_bs64_mae,3,0.75,1,LSTM,0.4,relu,mae,adam,0.001,64,10,15,0.03008518,0.034501057118177414,0.030085178092122078,0.0067489045,0.023336276,False,0.0031995466,0.026885632,False,success
147,148,ae3_lat25_hd1_lstm_m80_relu_adam_lr0.001_bs64_mae,3,0.25,1,LSTM,0.8,relu,mae,adam,0.001,64,10,15,0.030145431,0.05784089118242264,0.03014543280005455,0.0067489045,0.023396526,False,0.0031995466,0.026945885,False,success
157,158,ae3_lat25_hd2_gru_m40_relu_adam_lr0.001_bs64_mae,3,0.25,2,GRU,0.4,relu,mae,adam,0.001,64,10,15,0.030183686,0.0539504736661911,0.03196379169821739,0.0067489045,0.02343478,False,0.0031995466,0.02698414,False,success
98,99,ae2_lat50_hd1_lstm_m60_relu_adam_lr0.001_bs64_mae,2,0.5,1,LSTM,0.6,relu,mae,adam,0.001,64,10,15,0.030227851,0.05643489956855774,0.03022785671055317,0.0067489045,0.023478948,False,0.0031995466,0.027028304,False,success
119,120,ae2_lat50_hd3_gru_m80_relu_adam_lr0.001_bs64_mae,2,0.5,3,GRU,0.8,relu,mae,adam,0.001,64,10,15,0.03026984,0.045947737991809845,0.030269842594861984,0.0067489045,0.023520935,False,0.0031995466,0.027070295,False,success
185,186,ae3_lat50_hd3_lstm_m40_relu_adam_lr0.001_bs64_mae,3,0.5,3,LSTM,0.4,relu,mae,adam,0.001,64,10,15,0.030280678,0.05410159006714821,0.03028067573904991,0.0067489045,0.023531772,False,0.0031995466,0.027081132,False,success
183,184,ae3_lat50_hd2_gru_m80_relu_adam_lr0.001_bs64_mae,3,0.5,2,GRU,0.8,relu,mae,adam,0.001,64,10,15,0.03029757,0.055898454040288925,0.03234802931547165,0.0067489045,0.023548666,False,0.0031995466,0.027098022,False,success
161,162,ae3_lat25_hd3_lstm_m40_relu_adam_lr0.001_bs64_mae,3,0.25,3,LSTM,0.4,relu,mae,adam,0.001,64,10,15,0.030369036,0.04413656145334244,0.03040495701134205,0.0067489045,0.023620132,False,0.0031995466,0.027169488,False,success
33,34,ae1_lat50_hd2_lstm_m40_relu_adam_lr0.001_bs64_mae,1,0.5,2,LSTM,0.4,relu,mae,adam,0.001,64,10,15,0.030478543,0.038078974932432175,0.03051852434873581,0.0067489045,0.023729637,False,0.0031995466,0.027278997,False,success
22,23,ae1_lat25_hd3_gru_m60_relu_adam_lr0.001_bs64_mae,1,0.25,3,GRU,0.6,relu,mae,adam,0.001,64,10,15,0.030492293,0.05649283155798912,0.03236037865281105,0.0067489045,0.023743387,False,0.0031995466,0.027292747,False,success
172,173,ae3_lat50_hd1_gru_m20_relu_adam_lr0.001_bs64_mae,3,0.5,1,GRU,0.2,relu,mae,adam,0.001,64,10,15,0.030498978,0.05189298465847969,0.03282134607434273,0.0067489045,0.023750074,False,0.0031995466,0.02729943,False,success
77,78,ae2_lat25_hd1_gru_m40_relu_adam_lr0.001_bs64_mae,2,0.25,1,GRU,0.4,relu,mae,adam,0.001,64,10,15,0.030505,0.05293417349457741,0.03050500527024269,0.0067489045,0.023756094,False,0.0031995466,0.027305454,False,success
39,40,ae1_lat50_hd2_gru_m80_relu_adam_lr0.001_bs64_mae,1,0.5,2,GRU,0.8,relu,mae,adam,0.001,64,10,15,0.030519152,0.05618823319673538,0.030557231977581978,0.0067489045,0.023770247,False,0.0031995466,0.027319606,False,success
158,159,ae3_lat25_hd2_gru_m60_relu_adam_lr0.001_bs64_mae,3,0.25,2,GRU,0.6,relu,mae,adam,0.001,64,10,15,0.030530313,0.05376972630620003,0.030834291130304337,0.0067489045,0.023781408,False,0.0031995466,0.027330767,False,success
175,176,ae3_lat50_hd1_gru_m80_relu_adam_lr0.001_bs64_mae,3,0.5,1,GRU,0.8,relu,mae,adam,0.001,64,10,15,0.030552572,0.054027754813432693,0.03061213158071041,0.0067489045,0.023803666,False,0.0031995466,0.027353026,False,success
93,94,ae2_lat25_hd3_gru_m40_relu_adam_lr0.001_bs64_mae,2,0.25,3,GRU,0.4,relu,mae,adam,0.001,64,10,15,0.030583758,0.05380523204803467,0.030583752319216728,0.0067489045,0.023834854,False,0.0031995466,0.02738421,False,success
208,209,ae3_lat75_hd3_lstm_m20_relu_adam_lr0.001_bs64_mae,3,0.75,3,LSTM,0.2,relu,mae,adam,0.001,64,10,15,0.030585194,0.059659443795681,0.03058519959449768,0.0067489045,0.023836289,False,0.0031995466,0.027385648,False,success
16,17,ae1_lat25_hd3_lstm_m20_relu_adam_lr0.001_bs64_mae,1,0.25,3,LSTM,0.2,relu,mae,adam,0.001,64,10,15,0.030606885,0.055539246648550034,0.031170833855867386,0.0067489045,0.023857981,False,0.0031995466,0.027407337,False,success
65,66,ae1_lat75_hd3_lstm_m40_relu_adam_lr0.001_bs64_mae,1,0.75,3,LSTM,0.4,relu,mae,adam,0.001,64,10,15,0.030607289,0.04190884903073311,0.030828967690467834,0.0067489045,0.023858383,False,0.0031995466,0.027407743,False,success
163,164,ae3_lat25_hd3_lstm_m80_relu_adam_lr0.001_bs64_mae,3,0.25,3,LSTM,0.8,relu,mae,adam,0.001,64,10,15,0.030611081,0.06032923609018326,0.030611077323555946,0.0067489045,0.023862176,False,0.0031995466,0.027411535,False,success
26,27,ae1_lat50_hd1_lstm_m60_relu_adam_lr0.001_bs64_mae,1,0.5,1,LSTM,0.6,relu,mae,adam,0.001,64,10,15,0.03062175,0.05743304640054703,0.03062174655497074,0.0067489045,0.023872845,False,0.0031995466,0.027422205,False,success
35,36,ae1_lat50_hd2_lstm_m80_relu_adam_lr0.001_bs64_mae,1,0.5,2,LSTM,0.8,relu,mae,adam,0.001,64,10,15,0.030625734,0.061277177184820175,0.030625736340880394,0.0067489045,0.023876831,False,0.0031995466,0.027426187,False,success
14,15,ae1_lat25_hd2_gru_m60_relu_adam_lr0.001_bs64_mae,1,0.25,2,GRU,0.6,relu,mae,adam,0.001,64,10,15,0.030632503,0.05647169426083565,0.0306325014680624,0.0067489045,0.0238836,False,0.0031995466,0.027432956,False,success
30,31,ae1_lat50_hd1_gru_m60_relu_adam_lr0.001_bs64_mae,1,0.5,1,GRU,0.6,relu,mae,adam,0.001,64,10,15,0.030635307,0.04178911820054054,0.030635306611657143,0.0067489045,0.023886401,False,0.0031995466,0.027435761,False,success
47,48,ae1_lat50_hd3_gru_m80_relu_adam_lr0.001_bs64_mae,1,0.5,3,GRU,0.8,relu,mae,adam,0.001,64,10,15,0.030676056,0.05789569392800331,0.030692318454384804,0.0067489045,0.023927152,False,0.0031995466,0.027476508,False,success
108,109,ae2_lat50_hd2_gru_m20_relu_adam_lr0.001_bs64_mae,2,0.5,2,GRU,0.2,relu,mae,adam,0.001,64,10,15,0.030676557,0.036183912307024,0.03067655675113201,0.0067489045,0.023927651,False,0.0031995466,0.027477011,False,success
142,143,ae2_lat75_hd3_gru_m60_relu_adam_lr0.001_bs64_mae,2,0.75,3,GRU,0.6,relu,mae,adam,0.001,64,10,15,0.03069526,0.03810472786426544,0.03069525957107544,0.0067489045,0.023946356,False,0.0031995466,0.027495712,False,success
149,150,ae3_lat25_hd1_gru_m40_relu_adam_lr0.001_bs64_mae,3,0.25,1,GRU,0.4,relu,mae,adam,0.001,64,10,15,0.03073107,0.05336495861411095,0.030871061608195305,0.0067489045,0.023982167,False,0.0031995466,0.027531523,False,success
143,144,ae2_lat75_hd3_gru_m80_relu_adam_lr0.001_bs64_mae,2,0.75,3,GRU,0.8,relu,mae,adam,0.001,64,10,15,0.030762127,0.04261765256524086,0.03076212853193283,0.0067489045,0.024013221,False,0.0031995466,0.027562581,False,success
159,160,ae3_lat25_hd2_gru_m80_relu_adam_lr0.001_bs64_mae,3,0.25,2,GRU,0.8,relu,mae,adam,0.001,64,10,15,0.030774917,0.05458998680114746,0.030774923041462898,0.0067489045,0.024026014,False,0.0031995466,0.02757537,False,success
80,81,ae2_lat25_hd2_lstm_m20_relu_adam_lr0.001_bs64_mae,2,0.25,2,LSTM,0.2,relu,mae,adam,0.001,64,10,15,0.030881198,0.05649902671575546,0.03088119812309742,0.0067489045,0.024132293,False,0.0031995466,0.027681652,False,success
4,5,ae1_lat25_hd1_gru_m20_relu_adam_lr0.001_bs64_mae,1,0.25,1,GRU,0.2,relu,mae,adam,0.001,64,10,15,0.030892884,0.05375092476606369,0.030971026048064232,0.0067489045,0.024143979,False,0.0031995466,0.027693339,False,success
165,166,ae3_lat25_hd3_gru_m40_relu_adam_lr0.001_bs64_mae,3,0.25,3,GRU,0.4,relu,mae,adam,0.001,64,10,15,0.030898737,0.052897702902555466,0.03089873306453228,0.0067489045,0.024149831,False,0.0031995466,0.027699191,False,success
51,52,ae1_lat75_hd1_lstm_m80_relu_adam_lr0.001_bs64_mae,1,0.75,1,LSTM,0.8,relu,mae,adam,0.001,64,10,15,0.030931335,0.04259147495031357,0.03093133494257927,0.0067489045,0.024182431,False,0.0031995466,0.027731787,False,success
12,13,ae1_lat25_hd2_gru_m20_relu_adam_lr0.001_bs64_mae,1,0.25,2,GRU,0.2,relu,mae,adam,0.001,64,10,15,0.030968176,0.05409299209713936,0.031273771077394485,0.0067489045,0.02421927,False,0.0031995466,0.02776863,False,success
109,110,ae2_lat50_hd2_gru_m40_relu_adam_lr0.001_bs64_mae,2,0.5,2,GRU,0.4,relu,mae,adam,0.001,64,10,15,0.03107631,0.03716224059462547,0.031076306477189064,0.0067489045,0.024327405,False,0.0031995466,0.027876765,False,success
95,96,ae2_lat25_hd3_gru_m80_relu_adam_lr0.001_bs64_mae,2,0.25,3,GRU,0.8,relu,mae,adam,0.001,64,10,15,0.031106638,0.056547727435827255,0.031106634065508842,0.0067489045,0.024357732,False,0.0031995466,0.027907092,False,success
101,102,ae2_lat50_hd1_gru_m40_relu_adam_lr0.001_bs64_mae,2,0.5,1,GRU,0.4,relu,mae,adam,0.001,64,10,15,0.03112327,0.036915186792612076,0.03112327679991722,0.0067489045,0.024374366,False,0.0031995466,0.027923722,False,success
8,9,ae1_lat25_hd2_lstm_m20_relu_adam_lr0.001_bs64_mae,1,0.25,2,LSTM,0.2,relu,mae,adam,0.001,64,10,15,0.0311346,0.05594920367002487,0.031134599819779396,0.0067489045,0.024385694,False,0.0031995466,0.027935054,False,success
86,87,ae2_lat25_hd2_gru_m60_relu_adam_lr0.001_bs64_mae,2,0.25,2,GRU,0.6,relu,mae,adam,0.001,64,10,15,0.031146672,0.054168444126844406,0.03114667534828186,0.0067489045,0.024397768,False,0.0031995466,0.027947124,False,success
21,22,ae1_lat25_hd3_gru_m40_relu_adam_lr0.001_bs64_mae,1,0.25,3,GRU,0.4,relu,mae,adam,0.001,64,10,15,0.031179702,0.05783114954829216,0.031179707497358322,0.0067489045,0.024430797,False,0.0031995466,0.027980156,False,success
13,14,ae1_lat25_hd2_gru_m40_relu_adam_lr0.001_bs64_mae,1,0.25,2,GRU,0.4,relu,mae,adam,0.001,64,10,15,0.031212559,0.054983921349048615,0.03126141056418419,0.0067489045,0.024463654,False,0.0031995466,0.028013013,False,success
215,216,ae3_lat75_hd3_gru_m80_relu_adam_lr0.001_bs64_mae,3,0.75,3,GRU,0.8,relu,mae,adam,0.001,64,10,15,0.03123296,0.038202907890081406,0.031232962384819984,0.0067489045,0.024484057,False,0.0031995466,0.028033413,False,success
199,200,ae3_lat75_hd1_gru_m80_relu_adam_lr0.001_bs64_mae,3,0.75,1,GRU,0.8,relu,mae,adam,0.001,64,10,15,0.031282,0.0530751571059227,0.03128200024366379,0.0067489045,0.024533097,False,0.0031995466,0.028082453,False,success
138,139,ae2_lat75_hd3_lstm_m60_relu_adam_lr0.001_bs64_mae,2,0.75,3,LSTM,0.6,relu,mae,adam,0.001,64,10,15,0.031330932,0.03909451514482498,0.03133092820644379,0.0067489045,0.024582028,False,0.0031995466,0.028131384,False,success
76,77,ae2_lat25_hd1_gru_m20_relu_adam_lr0.001_bs64_mae,2,0.25,1,GRU,0.2,relu,mae,adam,0.001,64,10,15,0.031425383,0.051334258168935776,0.03142537549138069,0.0067489045,0.02467648,False,0.0031995466,0.028225835,False,success
201,202,ae3_lat75_hd2_lstm_m40_relu_adam_lr0.001_bs64_mae,3,0.75,2,LSTM,0.4,relu,mae,adam,0.001,64,10,15,0.031449422,0.03942663222551346,0.032448239624500275,0.0067489045,0.024700519,False,0.0031995466,0.028249875,False,success
156,157,ae3_lat25_hd2_gru_m20_relu_adam_lr0.001_bs64_mae,3,0.25,2,GRU,0.2,relu,mae,adam,0.001,64,10,15,0.03147133,0.05317439138889313,0.0321027971804142,0.0067489045,0.024722427,False,0.0031995466,0.028271783,False,success
148,149,ae3_lat25_hd1_gru_m20_relu_adam_lr0.001_bs64_mae,3,0.25,1,GRU,0.2,relu,mae,adam,0.001,64,10,15,0.031495206,0.05306996777653694,0.03164510056376457,0.0067489045,0.024746303,False,0.0031995466,0.028295659,False,success
177,178,ae3_lat50_hd2_lstm_m40_relu_adam_lr0.001_bs64_mae,3,0.5,2,LSTM,0.4,relu,mae,adam,0.001,64,10,15,0.031529374,0.05430983379483223,0.03152937814593315,0.0067489045,0.02478047,False,0.0031995466,0.028329827,False,success
88,89,ae2_lat25_hd3_lstm_m20_relu_adam_lr0.001_bs64_mae,2,0.25,3,LSTM,0.2,relu,mae,adam,0.001,64,10,15,0.031595938,0.05532609298825264,0.03224240988492966,0.0067489045,0.024847034,False,0.0031995466,0.02839639,False,success
94,95,ae2_lat25_hd3_gru_m60_relu_adam_lr0.001_bs64_mae,2,0.25,3,GRU,0.6,relu,mae,adam,0.001,64,10,15,0.031602625,0.05389721691608429,0.031602632254362106,0.0067489045,0.024853721,False,0.0031995466,0.028403077,False,success
127,128,ae2_lat75_hd1_gru_m80_relu_adam_lr0.001_bs64_mae,2,0.75,1,GRU,0.8,relu,mae,adam,0.001,64,10,15,0.03161409,0.041618384420871735,0.031614091247320175,0.0067489045,0.024865188,False,0.0031995466,0.028414544,False,success
23,24,ae1_lat25_hd3_gru_m80_relu_adam_lr0.001_bs64_mae,1,0.25,3,GRU,0.8,relu,mae,adam,0.001,64,10,15,0.031631477,0.07923876494169235,0.0316314771771431,0.0067489045,0.024882574,False,0.0031995466,0.02843193,False,success
43,44,ae1_lat50_hd3_lstm_m80_relu_adam_lr0.001_bs64_mae,1,0.5,3,LSTM,0.8,relu,mae,adam,0.001,64,10,15,0.03166211,0.06510288268327713,0.03166211396455765,0.0067489045,0.024913207,False,0.0031995466,0.028462563,False,success
89,90,ae2_lat25_hd3_lstm_m40_relu_adam_lr0.001_bs64_mae,2,0.25,3,LSTM,0.4,relu,mae,adam,0.001,64,10,15,0.031684086,0.05523983761668205,0.031684085726737976,0.0067489045,0.024935182,False,0.0031995466,0.028484538,False,success
0,1,ae1_lat25_hd1_lstm_m20_relu_adam_lr0.001_bs64_mae,1,0.25,1,LSTM,0.2,relu,mae,adam,0.001,64,10,15,0.031763658,0.058458659797906876,0.03176365792751312,0.0067489045,0.025014754,False,0.0031995466,0.02856411,False,success
2,3,ae1_lat25_hd1_lstm_m60_relu_adam_lr0.001_bs64_mae,1,0.25,1,LSTM,0.6,relu,mae,adam,0.001,64,10,15,0.031795982,0.06291906535625458,0.03179598227143288,0.0067489045,0.025047079,False,0.0031995466,0.028596435,False,success
113,114,ae2_lat50_hd3_lstm_m40_relu_adam_lr0.001_bs64_mae,2,0.5,3,LSTM,0.4,relu,mae,adam,0.001,64,10,15,0.03183935,0.05516263097524643,0.03183935210108757,0.0067489045,0.025090445,False,0.0031995466,0.0286398,False,success
207,208,ae3_lat75_hd2_gru_m80_relu_adam_lr0.001_bs64_mae,3,0.75,2,GRU,0.8,relu,mae,adam,0.001,64,10,15,0.03188409,0.04926362633705139,0.03212813660502434,0.0067489045,0.025135186,False,0.0031995466,0.028684542,False,success
84,85,ae2_lat25_hd2_gru_m20_relu_adam_lr0.001_bs64_mae,2,0.25,2,GRU,0.2,relu,mae,adam,0.001,64,10,15,0.031888995,0.053205426782369614,0.03188898786902428,0.0067489045,0.025140092,False,0.0031995466,0.028689448,False,success
150,151,ae3_lat25_hd1_gru_m60_relu_adam_lr0.001_bs64_mae,3,0.25,1,GRU,0.6,relu,mae,adam,0.001,64,10,15,0.03193733,0.05299718305468559,0.03193733096122742,0.0067489045,0.025188427,False,0.0031995466,0.028737783,False,success
169,170,ae3_lat50_hd1_lstm_m40_relu_adam_lr0.001_bs64_mae,3,0.5,1,LSTM,0.4,relu,mae,adam,0.001,64,10,15,0.03199802,0.05595715343952179,0.03199802711606026,0.0067489045,0.025249116,False,0.0031995466,0.028798472,False,success
152,153,ae3_lat25_hd2_lstm_m20_relu_adam_lr0.001_bs64_mae,3,0.25,2,LSTM,0.2,relu,mae,adam,0.001,64,10,15,0.03200201,0.05568316578865051,0.032002005726099014,0.0067489045,0.025253106,False,0.0031995466,0.028802462,False,success
92,93,ae2_lat25_hd3_gru_m20_relu_adam_lr0.001_bs64_mae,2,0.25,3,GRU,0.2,relu,mae,adam,0.001,64,10,15,0.032065086,0.053160153329372406,0.03206508606672287,0.0067489045,0.025316183,False,0.0031995466,0.028865539,False,success
87,88,ae2_lat25_hd2_gru_m80_relu_adam_lr0.001_bs64_mae,2,0.25,2,GRU,0.8,relu,mae,adam,0.001,64,10,15,0.03208699,0.05508068948984146,0.032086990773677826,0.0067489045,0.025338087,False,0.0031995466,0.028887443,False,success
187,188,ae3_lat50_hd3_lstm_m80_relu_adam_lr0.001_bs64_mae,3,0.5,3,LSTM,0.8,relu,mae,adam,0.001,64,10,15,0.03212878,0.05939550697803497,0.03212877735495567,0.0067489045,0.025379878,False,0.0031995466,0.028929234,False,success
7,8,ae1_lat25_hd1_gru_m80_relu_adam_lr0.001_bs64_mae,1,0.25,1,GRU,0.8,relu,mae,adam,0.001,64,10,15,0.032134555,0.061596062034368515,0.03213454410433769,0.0067489045,0.025385652,False,0.0031995466,0.028935008,False,success
202,203,ae3_lat75_hd2_lstm_m60_relu_adam_lr0.001_bs64_mae,3,0.75,2,LSTM,0.6,relu,mae,adam,0.001,64,10,15,0.03223949,0.05460972338914871,0.03234702721238136,0.0067489045,0.025490586,False,0.0031995466,0.029039942,False,success
176,177,ae3_lat50_hd2_lstm_m20_relu_adam_lr0.001_bs64_mae,3,0.5,2,LSTM,0.2,relu,mae,adam,0.001,64,10,15,0.032318402,0.04057230055332184,0.03231840208172798,0.0067489045,0.025569499,False,0.0031995466,0.029118855,False,success
107,108,ae2_lat50_hd2_lstm_m80_relu_adam_lr0.001_bs64_mae,2,0.5,2,LSTM,0.8,relu,mae,adam,0.001,64,10,15,0.032346707,0.05975554138422012,0.032346710562705994,0.0067489045,0.025597803,False,0.0031995466,0.02914716,False,success
45,46,ae1_lat50_hd3_gru_m40_relu_adam_lr0.001_bs64_mae,1,0.5,3,GRU,0.4,relu,mae,adam,0.001,64,10,15,0.03250498,0.050850916653871536,0.03250499069690704,0.0067489045,0.025756076,False,0.0031995466,0.029305432,False,success
178,179,ae3_lat50_hd2_lstm_m60_relu_adam_lr0.001_bs64_mae,3,0.5,2,LSTM,0.6,relu,mae,adam,0.001,64,10,15,0.03259002,0.05656210333108902,0.03259002044796944,0.0067489045,0.025841117,False,0.0031995466,0.029390473,False,success
79,80,ae2_lat25_hd1_gru_m80_relu_adam_lr0.001_bs64_mae,2,0.25,1,GRU,0.8,relu,mae,adam,0.001,64,10,15,0.032598685,0.055546242743730545,0.03341486304998398,0.0067489045,0.025849782,False,0.0031995466,0.029399138,False,success
195,196,ae3_lat75_hd1_lstm_m80_relu_adam_lr0.001_bs64_mae,3,0.75,1,LSTM,0.8,relu,mae,adam,0.001,64,10,15,0.032681413,0.057134948670864105,0.0326814167201519,0.0067489045,0.02593251,False,0.0031995466,0.029481865,False,success
25,26,ae1_lat50_hd1_lstm_m40_relu_adam_lr0.001_bs64_mae,1,0.5,1,LSTM,0.4,relu,mae,adam,0.001,64,10,15,0.032747455,0.05874979496002197,0.03274746611714363,0.0067489045,0.025998551,False,0.0031995466,0.029547907,False,success
74,75,ae2_lat25_hd1_lstm_m60_relu_adam_lr0.001_bs64_mae,2,0.25,1,LSTM,0.6,relu,mae,adam,0.001,64,10,15,0.03282036,0.05630860850214958,0.03293595090508461,0.0067489045,0.026071455,False,0.0031995466,0.029620811,False,success
41,42,ae1_lat50_hd3_lstm_m40_relu_adam_lr0.001_bs64_mae,1,0.5,3,LSTM,0.4,relu,mae,adam,0.001,64,10,15,0.032820873,0.042284704744815826,0.03282087668776512,0.0067489045,0.02607197,False,0.0031995466,0.029621325,False,success
1,2,ae1_lat25_hd1_lstm_m40_relu_adam_lr0.001_bs64_mae,1,0.25,1,LSTM,0.4,relu,mae,adam,0.001,64,10,15,0.03305695,0.08891037851572037,0.03305695205926895,0.0067489045,0.026308045,False,0.0031995466,0.0298574,False,success
203,204,ae3_lat75_hd2_lstm_m80_relu_adam_lr0.001_bs64_mae,3,0.75,2,LSTM,0.8,relu,mae,adam,0.001,64,10,15,0.033077743,0.05551430955529213,0.03307774290442467,0.0067489045,0.02632884,False,0.0031995466,0.029878195,False,success
82,83,ae2_lat25_hd2_lstm_m60_relu_adam_lr0.001_bs64_mae,2,0.25,2,LSTM,0.6,relu,mae,adam,0.001,64,10,15,0.033200048,0.0581430159509182,0.03320004418492317,0.0067489045,0.026451144,False,0.0031995466,0.0300005,False,success
91,92,ae2_lat25_hd3_lstm_m80_relu_adam_lr0.001_bs64_mae,2,0.25,3,LSTM,0.8,relu,mae,adam,0.001,64,10,15,0.033266615,0.06088648736476898,0.033266618847846985,0.0067489045,0.026517712,False,0.0031995466,0.030067068,False,success
106,107,ae2_lat50_hd2_lstm_m60_relu_adam_lr0.001_bs64_mae,2,0.5,2,LSTM,0.6,relu,mae,adam,0.001,64,10,15,0.03338612,0.0553685799241066,0.03482435643672943,0.0067489045,0.026637215,False,0.0031995466,0.030186571,False,success
154,155,ae3_lat25_hd2_lstm_m60_relu_adam_lr0.001_bs64_mae,3,0.25,2,LSTM,0.6,relu,mae,adam,0.001,64,10,15,0.033458162,0.05783610790967941,0.0334581658244133,0.0067489045,0.026709259,False,0.0031995466,0.030258615,False,success
90,91,ae2_lat25_hd3_lstm_m60_relu_adam_lr0.001_bs64_mae,2,0.25,3,LSTM,0.6,relu,mae,adam,0.001,64,10,15,0.033748817,0.057981885969638824,0.03375985845923424,0.0067489045,0.026999913,False,0.0031995466,0.03054927,False,success
17,18,ae1_lat25_hd3_lstm_m40_relu_adam_lr0.001_bs64_mae,1,0.25,3,LSTM,0.4,relu,mae,adam,0.001,64,10,15,0.034067158,0.08830546587705612,0.03406716510653496,0.0067489045,0.027318254,False,0.0031995466,0.03086761,False,success
191,192,ae3_lat50_hd3_gru_m80_relu_adam_lr0.001_bs64_mae,3,0.5,3,GRU,0.8,relu,mae,adam,0.001,64,10,15,0.034246862,0.05423688516020775,0.03424685820937157,0.0067489045,0.027497958,False,0.0031995466,0.031047314,False,success
162,163,ae3_lat25_hd3_lstm_m60_relu_adam_lr0.001_bs64_mae,3,0.25,3,LSTM,0.6,relu,mae,adam,0.001,64,10,15,0.03464071,0.05613907799124718,0.03464070335030556,0.0067489045,0.027891807,False,0.0031995466,0.031441163,False,success
182,183,ae3_lat50_hd2_gru_m60_relu_adam_lr0.001_bs64_mae,3,0.5,2,GRU,0.6,relu,mae,adam,0.001,64,10,15,0.03551806,0.05375038832426071,0.035518065094947815,0.0067489045,0.028769158,False,0.0031995466,0.032318514,False,success
19,20,ae1_lat25_hd3_lstm_m80_relu_adam_lr0.001_bs64_mae,1,0.25,3,LSTM,0.8,relu,mae,adam,0.001,64,10,15,0.035639837,0.06090748682618141,0.03563982993364334,0.0067489045,0.028890934,False,0.0031995466,0.03244029,False,success
42,43,ae1_lat50_hd3_lstm_m60_relu_adam_lr0.001_bs64_mae,1,0.5,3,LSTM,0.6,relu,mae,adam,0.001,64,10,15,0.03569831,0.05887860059738159,0.0356983058154583,0.0067489045,0.028949406,False,0.0031995466,0.032498762,False,success
115,116,ae2_lat50_hd3_lstm_m80_relu_adam_lr0.001_bs64_mae,2,0.5,3,LSTM,0.8,relu,mae,adam,0.001,64,10,15,0.0359762,0.056730397045612335,0.035976212471723557,0.0067489045,0.029227298,False,0.0031995466,0.032776654,False,success
186,187,ae3_lat50_hd3_lstm_m60_relu_adam_lr0.001_bs64_mae,3,0.5,3,LSTM,0.6,relu,mae,adam,0.001,64,10,15,0.03608183,0.05494467914104462,0.03742155805230141,0.0067489045,0.029332925,False,0.0031995466,0.03288228,False,success
105,106,ae2_lat50_hd2_lstm_m40_relu_adam_lr0.001_bs64_mae,2,0.5,2,LSTM,0.4,relu,mae,adam,0.001,64,10,15,0.03656303,0.05363410338759422,0.03679192438721657,0.0067489045,0.029814128,False,0.0031995466,0.033363484,False,success
3,4,ae1_lat25_hd1_lstm_m80_relu_adam_lr0.001_bs64_mae,1,0.25,1,LSTM,0.8,relu,mae,adam,0.001,64,10,15,0.03774219,0.10771100968122482,0.037742190062999725,0.0067489045,0.030993287,False,0.0031995466,0.034542643,False,success
130,131,ae2_lat75_hd2_lstm_m60_relu_adam_lr0.001_bs64_mae,2,0.75,2,LSTM,0.6,relu,mae,adam,0.001,64,10,15,0.037805144,0.05124593898653984,0.037805140018463135,0.0067489045,0.03105624,False,0.0031995466,0.034605596,False,success
99,100,ae2_lat50_hd1_lstm_m80_relu_adam_lr0.001_bs64_mae,2,0.5,1,LSTM,0.8,relu,mae,adam,0.001,64,10,15,0.037963204,0.057672228664159775,0.037963200360536575,0.0067489045,0.0312143,False,0.0031995466,0.034763657,False,success
34,35,ae1_lat50_hd2_lstm_m60_relu_adam_lr0.001_bs64_mae,1,0.5,2,LSTM,0.6,relu,mae,adam,0.001,64,10,15,0.03839814,0.05473906546831131,0.038398146629333496,0.0067489045,0.031649236,False,0.0031995466,0.03519859,False,success
139,140,ae2_lat75_hd3_lstm_m80_relu_adam_lr0.001_bs64_mae,2,0.75,3,LSTM,0.8,relu,mae,adam,0.001,64,10,15,0.038516935,0.04422231763601303,0.03851693496108055,0.0067489045,0.03176803,False,0.0031995466,0.035317387,False,success
103,104,ae2_lat50_hd1_gru_m80_relu_adam_lr0.001_bs64_mae,2,0.5,1,GRU,0.8,relu,mae,adam,0.001,64,10,15,0.038930353,0.055865492671728134,0.03893035650253296,0.0067489045,0.03218145,False,0.0031995466,0.035730805,False,success
167,168,ae3_lat25_hd3_gru_m80_relu_adam_lr0.001_bs64_mae,3,0.25,3,GRU,0.8,relu,mae,adam,0.001,64,10,15,0.039819974,0.05381762236356735,0.039819974452257156,0.0067489045,0.03307107,False,0.0031995466,0.036620427,False,success
9,10,ae1_lat25_hd2_lstm_m40_relu_adam_lr0.001_bs64_mae,1,0.25,2,LSTM,0.4,relu,mae,adam,0.001,64,10,15,0.04011028,0.08544312417507172,0.0401102751493454,0.0067489045,0.033361375,False,0.0031995466,0.03691073,False,success
111,112,ae2_lat50_hd2_gru_m80_relu_adam_lr0.001_bs64_mae,2,0.5,2,GRU,0.8,relu,mae,adam,0.001,64,10,15,0.041255407,0.05083185061812401,0.0412554070353508,0.0067489045,0.034506503,False,0.0031995466,0.03805586,False,success
122,123,ae2_lat75_hd1_lstm_m60_relu_adam_lr0.001_bs64_mae,2,0.75,1,LSTM,0.6,relu,mae,adam,0.001,64,10,15,0.04262547,0.053319528698921204,0.042625460773706436,0.0067489045,0.035876565,False,0.0031995466,0.03942592,False,success
10,11,ae1_lat25_hd2_lstm_m60_relu_adam_lr0.001_bs64_mae,1,0.25,2,LSTM,0.6,relu,mae,adam,0.001,64,10,15,0.042725362,0.06289392709732056,0.04272536188364029,0.0067489045,0.03597646,False,0.0031995466,0.039525814,False,success
20,21,ae1_lat25_hd3_gru_m20_relu_adam_lr0.001_bs64_mae,1,0.25,3,GRU,0.2,relu,mae,adam,0.001,64,10,15,0.04447591,0.1023220494389534,0.04483727365732193,0.0067489045,0.037727006,False,0.0031995466,0.04127636,False,success
27,28,ae1_lat50_hd1_lstm_m80_relu_adam_lr0.001_bs64_mae,1,0.5,1,LSTM,0.8,relu,mae,adam,0.001,64,10,15,0.044573605,0.0601201131939888,0.04457360506057739,0.0067489045,0.0378247,False,0.0031995466,0.041374058,False,success
179,180,ae3_lat50_hd2_lstm_m80_relu_adam_lr0.001_bs64_mae,3,0.5,2,LSTM,0.8,relu,mae,adam,0.001,64,10,15,0.04562389,0.05727321654558182,0.04562387987971306,0.0067489045,0.038874988,False,0.0031995466,0.042424344,False,success
146,147,ae3_lat25_hd1_lstm_m60_relu_adam_lr0.001_bs64_mae,3,0.25,1,LSTM,0.6,relu,mae,adam,0.001,64,10,15,0.04633056,0.05943785980343819,0.04633055254817009,0.0067489045,0.039581656,False,0.0031995466,0.043131012,False,success
194,195,ae3_lat75_hd1_lstm_m60_relu_adam_lr0.001_bs64_mae,3,0.75,1,LSTM,0.6,relu,mae,adam,0.001,64,10,15,0.04670509,0.05891382694244385,0.047548774629831314,0.0067489045,0.039956186,False,0.0031995466,0.043505542,False,success
155,156,ae3_lat25_hd2_lstm_m80_relu_adam_lr0.001_bs64_mae,3,0.25,2,LSTM,0.8,relu,mae,adam,0.001,64,10,15,0.0480142,0.05778829753398895,0.048485808074474335,0.0067489045,0.041265298,False,0.0031995466,0.044814654,False,success
211,212,ae3_lat75_hd3_lstm_m80_relu_adam_lr0.001_bs64_mae,3,0.75,3,LSTM,0.8,relu,mae,adam,0.001,64,10,15,0.048503093,0.06706630438566208,0.048503100872039795,0.0067489045,0.04175419,False,0.0031995466,0.045303546,False,success
83,84,ae2_lat25_hd2_lstm_m80_relu_adam_lr0.001_bs64_mae,2,0.25,2,LSTM,0.8,relu,mae,adam,0.001,64,10,15,0.048692375,0.05798172205686569,0.050601713359355927,0.0067489045,0.041943472,False,0.0031995466,0.045492828,False,success
11,12,ae1_lat25_hd2_lstm_m80_relu_adam_lr0.001_bs64_mae,1,0.25,2,LSTM,0.8,relu,mae,adam,0.001,64,10,15,0.04888345,0.09959584474563599,0.04888344556093216,0.0067489045,0.042134546,False,0.0031995466,0.0456839,False,success
114,115,ae2_lat50_hd3_lstm_m60_relu_adam_lr0.001_bs64_mae,2,0.5,3,LSTM,0.6,relu,mae,adam,0.001,64,10,15,0.049242426,0.040738098323345184,0.04924241453409195,0.0067489045,0.042493522,False,0.0031995466,0.04604288,False,success
18,19,ae1_lat25_hd3_lstm_m60_relu_adam_lr0.001_bs64_mae,1,0.25,3,LSTM,0.6,relu,mae,adam,0.001,64,10,15,0.04976319,0.059751369059085846,0.04976319149136543,0.0067489045,0.043014288,False,0.0031995466,0.046563644,False,success
75,76,ae2_lat25_hd1_lstm_m80_relu_adam_lr0.001_bs64_mae,2,0.25,1,LSTM,0.8,relu,mae,adam,0.001,64,10,15,0.05028852,0.058254435658454895,0.05043245851993561,0.0067489045,0.043539617,False,0.0031995466,0.047088973,False,success
153,154,ae3_lat25_hd2_lstm_m40_relu_adam_lr0.001_bs64_mae,3,0.25,2,LSTM,0.4,relu,mae,adam,0.001,64,10,15,0.051654916,0.11120984703302383,0.05197412520647049,0.0067489045,0.044906013,False,0.0031995466,0.04845537,False,success
170,171,ae3_lat50_hd1_lstm_m60_relu_adam_lr0.001_bs64_mae,3,0.5,1,LSTM,0.6,relu,mae,adam,0.001,64,10,15,0.051818214,0.11054448038339615,0.05340919643640518,0.0067489045,0.04506931,False,0.0031995466,0.048618667,False,success
210,211,ae3_lat75_hd3_lstm_m60_relu_adam_lr0.001_bs64_mae,3,0.75,3,LSTM,0.6,relu,mae,adam,0.001,64,10,15,0.051847335,0.11034926772117615,0.05229559168219566,0.0067489045,0.04509843,False,0.0031995466,0.048647787,False,success
